areacella,fx
sftgif,fx
sftlf,fx
abs550aer,AERmon
airmass,AERmon
ccn,AERmon
cdnc,AERmon
ch4,AERmon
co,AERmon
emidms,AERmon
emidust,AERmon
emilnox,AERmon
emiss,AERmon
lossch4,AERmon
lossco,AERmon
mmrbc,AERmon
mmrdust,AERmon
mmrnh4,AERmon
mmrno3,AERmon
mmroa,AERmon
mmrpm2p5,AERmon
mmrso4,AERmon
mmrsoa,AERmon
mmrss,AERmon
no,AERmon
no2,AERmon
o3,AERmon
o3loss,AERmon
o3prod,AERmon
od550aer,AERmon
od550lt1aer,AERmon
od870aer,AERmon
oh,AERmon
photo1d,AERmon
ps,AERmon
ptp,AERmon
rlutaf,AERmon
rlutcsaf,AERmon
rsutaf,AERmon
rsutcsaf,AERmon
so2,AERmon
ta,AERmon
toz,AERmon
tropoz,AERmon
ua,AERmon
va,AERmon
wa,AERmon
zg,AERmon
zg1000,AERday
zg500,AERday
ch4,Amon
clt,Amon
co2,Amon
evspsbl,Amon
hfls,Amon
hfss,Amon
hurs,Amon
hus,Amon
huss,Amon
pr,Amon
prsn,Amon
prw,Amon
ps,Amon
psl,Amon
rlds,Amon
rlus,Amon
rlut,Amon
rlutcs,Amon
rsds,Amon
rsdscs,Amon
rsdt,Amon
rsus,Amon
rsuscs,Amon
rsut,Amon
rsutcs,Amon
ta,Amon
tas,Amon
tasmax,Amon
tasmin,Amon
tauu,Amon
tauv,Amon
ts,Amon
ua,Amon
va,Amon
zg,Amon
clisccp,CFmon
ps,CFday
pr,CF3hr
prw,CF3hr
psl,CF3hr
hurs,day
hus,day
huss,day
mrro,day
pr,day
psl,day
sfcWindmax,day
snw,day
ta,day
tas,day
tasmax,day
tasmin,day
ua,day
uas,day
va,day
vas,day
wap,day
zg,day
evspsblpot,Emon
mrtws,Emon
sweLut,Emon
hus850,Eday
ta500,Eday
tr,Eday
pr,E3hr
prw,E3hr
psl,E3hr
burntFractionAll,Lmon
cCwd,Lmon
cLeaf,Lmon
cLitterAbove,Lmon
cLitterBelow,Lmon
cProduct,Lmon
cRoot,Lmon
cSoil,Emon
cSoilFast,Lmon
cSoilMedium,Lmon
cSoilSlow,Lmon
cVeg,Lmon
gpp,Lmon
lai,Lmon
landCoverFrac,Lmon
mrro,Lmon
mrros,Lmon
mrso,Lmon
mrsofc,Lmon
mrsos,Lmon
nbp,Lmon
ra,Lmon
rh,Lmon
tsl,Lmon
acabfIs,LImon
sbl,LImon
sftgif,LImon
sftgrf,LImon
sftflf,LImon
snc,LImon
snd,LImon
snm,LImon
snw,LImon
tpf,LImon
tsn,LImon
areacello,Ofx
basin,Ofx
deptho,Ofx
masscello,Ofx
sftof,Ofx
volcello,Ofx
o2,Oyr
ph,Oyr
bigthetao,Omon
chl,Omon
dissic,Omon
dissoc,Omon
exp100,Omon
epp100,Omon
epc100,Omon
fgco2,Omon
fgo2,Omon
hfds,Omon
intpp,Omon
masscello,Omon
masso,Omon
mfo,Omon
mlotst,Omon
msftbarot,Omon
msftmrho,Omon
msftmz,Omon
no3,Omon
o2,Omon
ph,Omon
po4,Omon
prsn,Omon
si,Omon
so,Omon
sos,Omon
talk,Omon
tauuo,Omon
tauvo,Omon
thetao,Omon
thetaoga,Omon
thkcello,Omon
tos,Omon
umo,Omon
uo,Omon
vmo,Omon
vo,Omon
volcello,Omon
volo,Omon
zos,Omon
zostoga,Omon
tos,Oday
siarean,SImon
siareas,SImon
siconc,SImon
siconca,SImon
sithick,SImon
sivoln,SImon
sivols,SImon
huss,3hr
pr,3hr
tas,3hr
uas,3hr
vas,3hr
